[
    {
        "data_dictionary_filename": "CPU0008-Dictionary.xlsx",
        "study_id": "NIDA-CPU-0008",
        "study_name": "Double-Blind, Placebo-Controlled Assessment of Interactions Between Intravenous Methamphetamine and Modafinil",
        "study_desc": "Study to assess the potential interactions between intravenous methamphetamine and oral Modafinil",
        "study_url": "https://datashare.nida.nih.gov/study/nida-cpu-0008",
        "clintrials_ID": "NCT00265278"
    },
    {
        "data_dictionary_filename": "CPU0010-Dictionary.xlsx",
        "study_id": "NIDA-CPU-0010",
        "study_name": "Assessment of Potential Interactions Between Intravenous Cocaine and Atomoxetine",
        "study_desc": "This is a human laboratory clinical pharmacology study to assess potential interactions between intravenous (i.v.) cocaine and atomoxetine (Strattera) administered orally in four escalating doses.",
        "study_url": "https://datashare.nida.nih.gov/study/nidacpu0010",
        "clintrials_ID": "NCT00265265"
    },
    {
        "data_dictionary_filename": "CSP1019_DD.xlsx",
        "study_id": "NIDA-CSP-1019",
        "study_name": "Double-Blind, Placebo-Controlled Trial Of Selegiline Transdermal System For The Treatment Of Cocaine Dependence",
        "study_desc": "To assess the efficacy and safety of the Selegiline Transdermal System (STS) in reducing cocaine use in subjects with cocaine dependence. It is hypothesized that selegiline treatment, compared to placebo, will be associated with fewer days of cocaine use as assessed by self-report confirmed with urine assays for benzoylecgonine (BE).",
        "study_url": "https://datashare.nida.nih.gov/index.php/study/nidacsp1019",
        "clintrials_ID": "NCT00032929"
    },
    {
        "data_dictionary_filename": "CSP1020_DD.xlsx",
        "study_id": "NIDA-CSP-1020",
        "study_name": "A Phase III Placebo-Controlled, Double-Blind Multi-Site Trial of Lofexidine for Opiate Withdrawal",
        "study_desc": "The value of this pivotal Phase 3 efficacy trial is to investigate if a nonopiate such as lofexidine, an alpha-2-adrenergic agonist, is an effective medication for the alleviation of opiate detoxification symptoms in opiate dependent individuals.",
        "study_url": "https://datashare.nida.nih.gov/index.php/study/nida-csp-1020",
        "clintrials_ID": "NCT00032942"
    },
    {
        "data_dictionary_filename": "CSP1021_DD.xlsx",
        "study_id": "NIDA-CSP-1021",
        "study_name": "Double-Blind, Placebo-Controlled Multi-Center Trial Of Baclofen For The Treatment Of Cocaine Dependence",
        "study_desc": "To assess the efficacy and safety of baclofen in reducing cocaine use in subjects with cocaine dependence. It is hypothesized that baclofen treatment, compared to placebo, will be associated with fewer days of cocaine use as assessed by self-report confirmed with urine assays for benzoylecgonine (BE).",
        "study_url": "https://datashare.nida.nih.gov/index.php/study/nidacsp1021",
        "clintrials_ID": "NCT00082485"
    },
    {
        "data_dictionary_filename": "CSP1022_DD.xlsx",
        "study_id": "NIDA-CSP-1022",
        "study_name": "Phase 2, Double-Blind, Placebo-Controlled Trial Of Selegiline Transdermal System (STS) As An Aid For Smoking Cessation",
        "study_desc": "The objectives of this study are to determine the efficacy and safety of selegiline transdermal system (STS) and brief behavioral intervention for smoking cessation in heavy smokers.",
        "study_url": "https://datashare.nida.nih.gov/index.php/study/nidacsp1022",
        "clintrials_ID": "NCT00439413"
    },
    {
        "data_dictionary_filename": "CTO0007-Dictionary.xlsx",
        "study_id": "NIDA-CTO-0007",
        "study_name": "Phase 2, Double-Blind, Placebo-Controlled Trial Of Cabergoline For The Treatment Of Cocaine Dependence",
        "study_desc": "To assess the efficacy and safety of cabergoline in reducing cocaine use in subjects with cocaine dependence. It is hypothesized that cabergoline treatment, compared to placebo, will be associated with fewer days of cocaine use as assessed by self-report confirmed with urine assays for benzoylecgonine (BE).",
        "study_url": "https://datashare.nida.nih.gov/study/nida-cto-0007",
        "clintrials_ID": "NCT00033111"
    },
    {
        "data_dictionary_filename": "CTO0008_DD.xlsx",
        "study_id": "NIDA-CTO-0008",
        "study_name": "Phase 2, Double-Blind Placebo-Controlled Trial Of Bupropion for the Treatment of Methamphetamine Dependence",
        "study_desc": "The purpose of this study is to assess the efficacy and safety of bupropion in reducing methamphetamine use in subjects with methamphetamine dependence.",
        "study_url": "https://datashare.nida.nih.gov/study/nidacto0008",
        "clintrials_ID": "NCT00069251"
    },
    {
        "data_dictionary_filename": "CTO0010_DD.xlsx",
        "study_id": "NIDA-CTO-0010",
        "study_name": "Assessment of Potential Interactions Between Methamphetamine and Bupropion",
        "study_desc": "The purpose of this study is to assess potential interactions between intravenous (IV) methamphetamine and oral bupropion.",
        "study_url": "https://datashare.nida.nih.gov/study/nidacto0010",
        "clintrials_ID": "NCT00040040"
    },
    {
        "data_dictionary_filename": "CTO0011-DD.xlsx",
        "study_id": "NIDA-CTO-0011",
        "study_name": "Double-Blind, Placebo-Controlled, Dose Response Trial Of Ondansetron For The Treatment Of Methamphetamine Dependence",
        "study_desc": "This study was designed to be a preliminary assessment of the efficacy and safety of 3-wide range doses of ondansetron (0.25, 1.0 and 4.0 mg taken orally twice per day) to reduce methamphetamine use in subjects with methamphetamine dependence and to determine the optimal dose of ondansetron.",
        "study_url": "https://datashare.nida.nih.gov/index.php/study/nidacto0011",
        "clintrials_ID": "NCT00040053"
    },
    {
        "data_dictionary_filename": "MDS0002_DD.xlsx",
        "study_id": "NIDA-MDS-0002",
        "study_name": "Assessment of Interactions Between Methamphetamine and Aripiprazole",
        "study_desc": "The purpose of this study is to assess the interactions between intravenous methamphetamine and aripiprazole.",
        "study_url": "https://datashare.nida.nih.gov/index.php/study/nidamds0002",
        "clintrials_ID": "NCT00089440"
    },
    {
        "data_dictionary_filename": "MDS0003-Dictionary.xlsx",
        "study_id": "NIDA-MDS-0003",
        "study_name": "Phase I, Double-Blind, Placebo-Controlled Assessment Of Potential Interactions Between Intravenous Cocaine And Ethanol And Oral Disulfiram",
        "study_desc": "The primary outcome measures to address the safety of disulfiram treatment are adverse events, changes in cardiac (ECG) and cardiovascular responses (HR, BP) and observations of significant negative psychiatric effects (mPSRS, as well as POMS and self-rated DER) from disulfiram, ethanol and cocaine.",
        "study_url": "https://datashare.nida.nih.gov/index.php/study/nida-mds-0003",
        "clintrials_ID": "NCT00094289"
    }
]